Actual Profit,Predicted Profit
103282.38,103015.20159795004
144259.4,132582.2776081572
146121.95,132447.73845174728
77798.83,71976.09851257659
191050.39,178537.4822105736
105008.31,116161.24230167433
81229.06,67851.69209676216
97483.56,98791.73374686501
110352.25,113969.43533013665
166187.94,167921.06569552264
